accuracy,precision,recall,f1,macro_f1,roc_auc
0.8422939068100358,0.8792500794407372,0.8469543924089379,0.8628001247271594,0.8386904121318055,0.9188659777033791
