,precision,recall,f1-score,support
0,0.7944923962186601,0.8357111975789019,0.8145806995364517,2313.0
1,0.8792500794407372,0.8469543924089379,0.8628001247271594,3267.0
accuracy,0.8422939068100358,0.8422939068100358,0.8422939068100358,0.8422939068100358
macro avg,0.8368712378296986,0.8413327949939199,0.8386904121318055,5580.0
weighted avg,0.8441166526857795,0.8422939068100358,0.8428123952529467,5580.0
